drop table if exists conference;
create table conference (
    ID int primary key,
    Year int,
    Month text
);
insert into conference values('500', '2017', 'April');
insert into conference values('501', '2017', 'October');
create index date_ix on conference (Year, Month);

drop table if exists session;
create table session (
    ID int primary key,
    Title text,
    ConferenceID int
);
insert into session values('1001', 'General Women’s Session', '500');
insert into session values('1002', 'Saturday Morning Session', '500');
insert into session values('1003', 'Saturday Afternoon Session', '500');
insert into session values('1004', 'Priesthood Session', '500');
insert into session values('1005', 'Sunday Morning Session', '500');
insert into session values('1006', 'Sunday Afternoon Session', '500');
insert into session values('1007', 'General Women’s Session', '501');
insert into session values('1008', 'Saturday Morning Session', '501');
insert into session values('1009', 'Saturday Afternoon Session', '501');
insert into session values('1010', 'Priesthood Session', '501');
insert into session values('1011', 'Sunday Morning Session', '501');
insert into session values('1012', 'Sunday Afternoon Session', '501');

drop table if exists talk;
create table talk (
    ID int primary key,
    SessionID int,
    Title text,
    Speaker text,
    Date text,
    AudioUrl text,
    VideoUrl text
);
insert into talk values('5001', '1001', 'Trust in the Lord and Lean Not', 'Bonnie H. Cordon', '2017-03-25', 'http://media2.ldscdn.org/assets/magazines/ensign-november-2017/2017-05-03-trust-in-the-lord-and-lean-not-64k-eng.mp3', 'http://media2.ldscdn.org/assets/general-conference/april-2017-general-conference/2017-03-0010-bonnie-h-cordon-360p-eng.mp4');
insert into talk values('5002', '1001', 'The Beauty of Holiness', 'Carol F. McConkie', '2017-03-25', 'http://media2.ldscdn.org/assets/magazines/ensign-november-2017/2017-05-04-the-beauty-of-holiness-64k-eng.mp3', 'http://media2.ldscdn.org/assets/general-conference/april-2017-general-conference/2017-03-0020-carol-f-mcconkie-360p-eng.mp4');
insert into talk values('5003', '1001', 'Certain Women', 'Linda K. Burton', '2017-03-25', 'http://media2.ldscdn.org/assets/magazines/ensign-november-2017/2017-05-05-certain-women-64k-eng.mp3', 'http://media2.ldscdn.org/assets/general-conference/april-2017-general-conference/2017-03-0030-linda-k-burton-360p-eng.mp4');
insert into talk values('5004', '1001', '“My Peace I Leave with You”', 'Henry B. Eyring', '2017-03-25', 'http://media2.ldscdn.org/assets/magazines/ensign-november-2017/2017-05-06-my-peace-i-leave-with-you-64k-eng.mp3', 'http://media2.ldscdn.org/assets/general-conference/april-2017-general-conference/2017-03-0040-henry-b-eyring-360p-eng.mp4');
insert into talk values('5005', '1002', 'Gathering the Family of God', 'Henry B. Eyring', '2017-04-01', 'http://media2.ldscdn.org/assets/magazines/ensign-november-2017/2017-05-07-gathering-the-family-of-god-64k-eng.mp3', 'http://media2.ldscdn.org/assets/general-conference/april-2017-general-conference/2017-04-1010-henry-b-eyring-360p-eng.mp4');
insert into talk values('5006', '1002', 'His Daily Guiding Hand', 'M. Joseph Brough', '2017-04-01', 'http://media2.ldscdn.org/assets/magazines/ensign-november-2017/2017-05-08-his-daily-guiding-hand-64k-eng.mp3', 'http://media2.ldscdn.org/assets/general-conference/april-2017-general-conference/2017-04-1020-m-joseph-brough-360p-eng.mp4');
insert into talk values('5007', '1002', 'Our Father’s Glorious Plan', 'Weatherford T. Clayton', '2017-04-01', 'http://media2.ldscdn.org/assets/magazines/ensign-november-2017/2017-05-09-our-fathers-glorious-plan-64k-eng.mp3', 'http://media2.ldscdn.org/assets/general-conference/april-2017-general-conference/2017-04-1030-weatherford-t-clayton-360p-eng.mp4');
insert into talk values('5008', '1002', 'Our Good Shepherd', 'Dale G. Renlund', '2017-04-01', 'http://media2.ldscdn.org/assets/magazines/ensign-november-2017/2017-05-10-our-good-shepherd-64k-eng.mp3', 'http://media2.ldscdn.org/assets/general-conference/april-2017-general-conference/2017-04-1040-dale-g-renlund-360p-eng.mp4');
insert into talk values('5009', '1002', 'Confide in God Unwaveringly', 'Ulisses Soares', '2017-04-01', 'http://media2.ldscdn.org/assets/magazines/ensign-november-2017/2017-05-11-confide-in-god-unwaveringly-64k-eng.mp3', 'http://media2.ldscdn.org/assets/general-conference/april-2017-general-conference/2017-04-1050-ulisses-soares-360p-eng.mp4');
insert into talk values('5010', '1002', 'Brighter and Brighter until the Perfect Day', 'Mark A. Bragg', '2017-04-01', 'http://media2.ldscdn.org/assets/magazines/ensign-november-2017/2017-05-12-brighter-and-brighter-until-the-perfect-day-64k-eng.mp3', 'http://media2.ldscdn.org/assets/general-conference/april-2017-general-conference/2017-04-1060-mark-a-bragg-360p-eng.mp4');
insert into talk values('5011', '1002', 'Drawing the Power of Jesus Christ into Our Lives', 'Russell M. Nelson', '2017-04-01', 'http://media2.ldscdn.org/assets/magazines/ensign-november-2017/2017-05-13-drawing-the-power-of-jesus-christ-into-our-lives-64k-eng.mp3', 'http://media2.ldscdn.org/assets/general-conference/april-2017-general-conference/2017-04-1070-russell-m-nelson-360p-eng.mp4');
insert into talk values('5012', '1003', 'Becoming a Disciple of Our Lord Jesus Christ', 'Robert D. Hales', '2017-04-01', 'http://media2.ldscdn.org/assets/magazines/ensign-november-2017/2017-05-14-becoming-a-disciple-of-our-lord-jesus-christ-64k-eng.mp3', 'http://media2.ldscdn.org/assets/general-conference/april-2017-general-conference/2017-04-2040-robert-d-hales-360p-eng.mp4');
insert into talk values('5013', '1003', 'Songs Sung and Unsung', 'Jeffrey R. Holland', '2017-04-01', 'http://media2.ldscdn.org/assets/magazines/ensign-november-2017/2017-05-15-songs-sung-and-unsung-64k-eng.mp3', 'http://media2.ldscdn.org/assets/general-conference/april-2017-general-conference/2017-04-2050-jeffrey-r-holland-360p-eng.mp4');
insert into talk values('5014', '1003', 'Stand Up Inside and Be All In', 'Gary B. Sabin', '2017-04-01', 'http://media2.ldscdn.org/assets/magazines/ensign-november-2017/2017-05-16-stand-up-inside-and-be-all-in-64k-eng.mp3', 'http://media2.ldscdn.org/assets/general-conference/april-2017-general-conference/2017-04-2060-gary-b-sabin-360p-eng.mp4');
insert into talk values('5015', '1003', 'The Language of the Gospel', 'Valeri V. Cordón', '2017-04-01', 'http://media2.ldscdn.org/assets/magazines/ensign-november-2017/2017-05-17-the-language-of-the-gospel-64k-eng.mp3', 'http://media2.ldscdn.org/assets/general-conference/april-2017-general-conference/2017-04-2070-valeri-v-cordón-360p-eng.mp4');
insert into talk values('5016', '1003', 'Overcoming the World', 'Neil L. Andersen', '2017-04-01', 'http://media2.ldscdn.org/assets/magazines/ensign-november-2017/2017-05-18-overcoming-the-world-64k-eng.mp3', 'http://media2.ldscdn.org/assets/general-conference/april-2017-general-conference/2017-04-2080-neil-l-andersen-360p-eng.mp4');
insert into talk values('5017', '1003', 'Return and Receive', 'M. Russell Ballard', '2017-04-01', 'http://media2.ldscdn.org/assets/magazines/ensign-november-2017/2017-05-19-return-and-receive-64k-eng.mp3', 'http://media2.ldscdn.org/assets/general-conference/april-2017-general-conference/2017-04-2090-m-russell-ballard-360p-eng.mp4');
insert into talk values('5018', '1004', 'Kindness, Charity, and Love', 'Thomas S. Monson', '2017-04-01', 'http://media2.ldscdn.org/assets/magazines/ensign-november-2017/2017-05-20-kindness-charity-and-love-64k-eng.mp3', 'http://media2.ldscdn.org/assets/general-conference/april-2017-general-conference/2017-04-3010-thomas-s-monson-360p-eng.mp4');
insert into talk values('5019', '1004', 'Called to the Work', 'David A. Bednar', '2017-04-01', 'http://media2.ldscdn.org/assets/magazines/ensign-november-2017/2017-05-21-called-to-the-work-64k-eng.mp3', 'http://media2.ldscdn.org/assets/general-conference/april-2017-general-conference/2017-04-3020-david-a-bednar-360p-eng.mp4');
insert into talk values('5020', '1004', 'Prepare the Way', 'Gérald J. Caussé', '2017-04-01', 'http://media2.ldscdn.org/assets/magazines/ensign-november-2017/2017-05-22-prepare-the-way-64k-eng.mp3', 'http://media2.ldscdn.org/assets/general-conference/april-2017-general-conference/2017-04-3030-gerald-j-causse-360p-eng.mp4');
insert into talk values('5021', '1004', 'The Greatest among You', 'Dieter F. Uchtdorf', '2017-04-01', 'http://media2.ldscdn.org/assets/magazines/ensign-november-2017/2017-05-23-the-greatest-among-you-64k-eng.mp3', 'http://media2.ldscdn.org/assets/general-conference/april-2017-general-conference/2017-04-3040-dieter-f-uchtdorf-360p-eng.mp4');
insert into talk values('5022', '1004', '“Walk with Me”', 'Henry B. Eyring', '2017-04-01', 'http://media2.ldscdn.org/assets/magazines/ensign-november-2017/2017-05-24-walk-with-me-64k-eng.mp3', 'http://media2.ldscdn.org/assets/general-conference/april-2017-general-conference/2017-04-3050-henry-b-eyring-360p-eng.mp4');
insert into talk values('5023', '1005', 'The Power of the Book of Mormon', 'Thomas S. Monson', '2016-04-02', 'http://media2.ldscdn.org/assets/magazines/ensign-november-2017/2017-05-25-the-power-of-the-book-of-mormon-64k-eng.mp3', 'http://media2.ldscdn.org/assets/general-conference/april-2017-general-conference/2017-04-4010-thomas-s-monson-360p-eng.mp4');
insert into talk values('5024', '1005', 'A Sin-Resistant Generation', 'Joy D. Jones', '2016-04-02', 'http://media2.ldscdn.org/assets/magazines/ensign-november-2017/2017-05-26-a-sin-resistant-generation-64k-eng.mp3', 'http://media2.ldscdn.org/assets/general-conference/april-2017-general-conference/2017-04-4020-joy-d-jones-360p-eng.mp4');
insert into talk values('5025', '1005', 'Don’t Look Around, Look Up!', 'Yoon Hwan Choi', '2016-04-02', 'http://media2.ldscdn.org/assets/magazines/ensign-november-2017/2017-05-27-dont-look-around-look-up-64k-eng.mp3', 'http://media2.ldscdn.org/assets/general-conference/april-2017-general-conference/2017-04-4030-yoon-hwan-choi-360p-eng.mp4');
insert into talk values('5026', '1005', 'Let the Holy Spirit Guide', 'Ronald A. Rasband', '2016-04-02', 'http://media2.ldscdn.org/assets/magazines/ensign-november-2017/2017-05-28-let-the-holy-spirit-guide-64k-eng.mp3', 'http://media2.ldscdn.org/assets/general-conference/april-2017-general-conference/2017-04-4040-ronald-a-rasband-360p-eng.mp4');
insert into talk values('5027', '1005', 'Whatsoever He Saith unto You, Do It', 'L. Whitney Clayton', '2016-04-02', 'http://media2.ldscdn.org/assets/magazines/ensign-november-2017/2017-05-29-whatsoever-he-saith-unto-you-do-it-64k-eng.mp3', 'http://media2.ldscdn.org/assets/general-conference/april-2017-general-conference/2017-04-4050-l-whitney-clayton-360p-eng.mp4');
insert into talk values('5028', '1005', 'The Godhead and the Plan of Salvation', 'Dallin H. Oaks', '2016-04-02', 'http://media2.ldscdn.org/assets/magazines/ensign-november-2017/2017-05-30-the-godhead-and-the-plan-of-salvation-64k-eng.mp3', 'http://media2.ldscdn.org/assets/general-conference/april-2017-general-conference/2017-04-4060-dallin-h-oaks-360p-eng.mp4');
insert into talk values('5029', '1005', 'Perfect Love Casteth Out Fear', 'Dieter F. Uchtdorf', '2016-04-02', 'http://media2.ldscdn.org/assets/magazines/ensign-november-2017/2017-05-31-perfect-love-casteth-out-fear-64k-eng.mp3', 'http://media2.ldscdn.org/assets/general-conference/april-2017-general-conference/2017-04-4070-dieter-f-uchtdorf-360p-eng.mp4');
insert into talk values('5030', '1006', 'The Voice of Warning', 'D. Todd Christofferson', '2016-04-02', 'http://media2.ldscdn.org/assets/magazines/ensign-november-2017/2017-05-32-the-voice-of-warning-64k-eng.mp3', 'http://media2.ldscdn.org/assets/general-conference/april-2017-general-conference/2017-04-5010-d-todd-christofferson-360p-eng.mp4');
insert into talk values('5031', '1006', 'To the Friends and Investigators of the Church', 'Joaquin E. Costa', '2016-04-02', 'http://media2.ldscdn.org/assets/magazines/ensign-november-2017/2017-05-33-to-the-friends-and-investigators-of-the-church-64k-eng.mp3', 'http://media2.ldscdn.org/assets/general-conference/april-2017-general-conference/2017-04-5020-joaquin-e-costa-360p-eng.mp4');
insert into talk values('5032', '1006', 'Then Jesus Beholding Him Loved Him', 'S. Mark Palmer', '2016-04-02', 'http://media2.ldscdn.org/assets/magazines/ensign-november-2017/2017-05-34-then-jesus-beholding-him-loved-him-64k-eng.mp3', 'http://media2.ldscdn.org/assets/general-conference/april-2017-general-conference/2017-04-5030-s-mark-palmer-360p-eng.mp4');
insert into talk values('5033', '1006', 'How Does the Holy Ghost Help You?', 'Gary E. Stevenson', '2016-04-02', 'http://media2.ldscdn.org/assets/magazines/ensign-november-2017/2017-05-35-how-does-the-holy-ghost-help-you-64k-eng.mp3', 'http://media2.ldscdn.org/assets/general-conference/april-2017-general-conference/2017-04-5040-gary-e-stevenson-360p-eng.mp4');
insert into talk values('5034', '1006', 'And This Is Life Eternal', 'C. Scott Grow', '2016-04-02', 'http://media2.ldscdn.org/assets/magazines/ensign-november-2017/2017-05-36-and-this-is-life-eternal-64k-eng.mp3', 'http://media2.ldscdn.org/assets/general-conference/april-2017-general-conference/2017-04-5050-c-scott-grow-360p-eng.mp4');
insert into talk values('5035', '1006', 'That Our Light May Be a Standard for the Nations', 'Benjamín De Hoyos', '2016-04-02', 'http://media2.ldscdn.org/assets/magazines/ensign-november-2017/2017-05-37-that-our-light-may-be-a-standard-for-the-nations-64k-eng.mp3', 'http://media2.ldscdn.org/assets/general-conference/april-2017-general-conference/2017-04-5060-benjamin-de-hoyos-360p-eng.mp4');
insert into talk values('5036', '1006', 'Foundations of Faith', 'Quentin L. Cook', '2016-04-02', 'http://media2.ldscdn.org/assets/magazines/ensign-november-2017/2017-05-38-foundations-of-faith-64k-eng.mp3', 'http://media2.ldscdn.org/assets/general-conference/april-2017-general-conference/2017-04-5070-quentin-l-cook-360p-eng.mp4');
insert into talk values('5037', '1007', 'Turn On Your Light', 'Sharon Eubank', '2017-09-23', 'http://media2.ldscdn.org/assets/magazines/ensign-november-2017/2017-11-03-turn-on-your-light-64k-eng.mp3', 'http://media2.ldscdn.org/assets/general-conference/october-2017-general-conference/2017-09-0010-sharon-eubank-360p-eng.mp4');
insert into talk values('5038', '1007', 'Abiding in God and Repairing the Breach', 'Neill F. Marriott', '2017-09-23', 'http://media2.ldscdn.org/assets/magazines/ensign-november-2017/2017-11-04-abiding-in-god-and-repairing-the-breach-64k-eng.mp3', 'http://media2.ldscdn.org/assets/general-conference/october-2017-general-conference/2017-09-0020-neill-f-marriott-360p-eng.mp4');
insert into talk values('5039', '1007', 'Value beyond Measure', 'Joy D. Jones', '2017-09-23', 'http://media2.ldscdn.org/assets/magazines/ensign-november-2017/2017-11-05-value-beyond-measure-64k-eng.mp3', 'http://media2.ldscdn.org/assets/general-conference/october-2017-general-conference/2017-09-0030-joy-d-jones-360p-eng.mp4');
insert into talk values('5040', '1007', 'Three Sisters', 'Dieter F. Uchtdorf', '2017-09-23', 'http://media2.ldscdn.org/assets/magazines/ensign-november-2017/2017-11-06-three-sisters-64k-eng.mp3', 'http://media2.ldscdn.org/assets/general-conference/october-2017-general-conference/2017-09-0040-dieter-f-uchtdorf-360p-eng.mp4');
insert into talk values('5041', '1008', 'A Yearning for Home', 'Dieter F. Uchtdorf', '2017-09-30', 'http://media2.ldscdn.org/assets/magazines/ensign-november-2017/2017-11-07-a-yearning-for-home-64k-eng.mp3', 'http://media2.ldscdn.org/assets/general-conference/october-2017-general-conference/2017-09-1010-dieter-f-uchtdorf-360p-eng.mp4');
insert into talk values('5042', '1008', 'The Needs before Us', 'Bonnie L. Oscarson', '2017-09-30', 'http://media2.ldscdn.org/assets/magazines/ensign-november-2017/2017-11-08-the-needs-before-us-64k-eng.mp3', 'http://media2.ldscdn.org/assets/general-conference/october-2017-general-conference/2017-09-1020-bonnie-l-oscarson-360p-eng.mp4');
insert into talk values('5043', '1008', 'The Plan and the Proclamation', 'Dallin H. Oaks', '2017-09-30', 'http://media2.ldscdn.org/assets/magazines/ensign-november-2017/2017-11-09-the-plan-and-the-proclamation-64k-eng.mp3', 'http://media2.ldscdn.org/assets/general-conference/october-2017-general-conference/2017-09-1030-dallin-h-oaks-360p-eng.mp4');
insert into talk values('5044', '1008', '“I Have a Work for Thee”', 'John C. Pingree Jr.', '2017-09-30', 'http://media2.ldscdn.org/assets/magazines/ensign-november-2017/2017-11-10-i-have-a-work-for-thee-64k-eng.mp3', 'http://media2.ldscdn.org/assets/general-conference/october-2017-general-conference/2017-09-1040-john-c-pingree-jr-360p-eng.mp4');
insert into talk values('5045', '1008', 'The Living Bread Which Came Down from Heaven', 'D. Todd Christofferson', '2017-09-30', 'http://media2.ldscdn.org/assets/magazines/ensign-november-2017/2017-11-11-the-living-bread-which-came-down-from-heaven-64k-eng.mp3', 'http://media2.ldscdn.org/assets/general-conference/october-2017-general-conference/2017-09-1050-d-todd-christofferson-360p-eng.mp4');
insert into talk values('5046', '1008', 'Be Ye Therefore Perfect—Eventually', 'Jeffrey R. Holland', '2017-09-30', 'http://media2.ldscdn.org/assets/magazines/ensign-november-2017/2017-11-12-be-ye-therefore-perfect-eventually-64k-eng.mp3', 'http://media2.ldscdn.org/assets/general-conference/october-2017-general-conference/2017-09-1060-jeffrey-r-holland-360p-eng.mp4');
insert into talk values('5047', '1009', 'Spiritual Eclipse', 'Gary E. Stevenson', '2017-09-30', 'http://media2.ldscdn.org/assets/magazines/ensign-november-2017/2017-11-14-spiritual-eclipse-64k-eng.mp3', 'http://media2.ldscdn.org/assets/general-conference/october-2017-general-conference/2017-09-2020-gary-e-stevenson-360p-eng.mp4');
insert into talk values('5048', '1009', 'Repentance Is Always Positive', 'Stephen W. Owen', '2017-09-30', 'http://media2.ldscdn.org/assets/magazines/ensign-november-2017/2017-11-15-repentance-is-always-positive-64k-eng.mp3', 'http://media2.ldscdn.org/assets/general-conference/october-2017-general-conference/2017-09-2030-stephen-w-owen-360p-eng.mp4');
insert into talk values('5049', '1009', 'The Eternal Everyday', 'Quentin L. Cook', '2017-09-30', 'http://media2.ldscdn.org/assets/magazines/ensign-november-2017/2017-11-16-the-eternal-everyday-64k-eng.mp3', 'http://media2.ldscdn.org/assets/general-conference/october-2017-general-conference/2017-09-2040-quentin-l-cook-360p-eng.mp4');
insert into talk values('5050', '1009', 'Divine Design', 'Ronald A. Rasband', '2017-09-30', 'http://media2.ldscdn.org/assets/magazines/ensign-november-2017/2017-11-17-by-divine-design-64k-eng.mp3', 'http://media2.ldscdn.org/assets/general-conference/october-2017-general-conference/2017-09-2050-ronald-a-rasband-360p-eng.mp4');
insert into talk values('5051', '1009', 'The Heart of the Widow', 'O. Vincent Haleck', '2017-09-30', 'http://media2.ldscdn.org/assets/magazines/ensign-november-2017/2017-11-18-the-heart-of-the-widow-64k-eng.mp3', 'http://media2.ldscdn.org/assets/general-conference/october-2017-general-conference/2017-09-2060-o-vincent-haleck-360p-eng.mp4');
insert into talk values('5052', '1009', 'The Book of Mormon: What Would Your Life Be Like without It?', 'Russell M. Nelson', '2017-09-30', 'http://media2.ldscdn.org/assets/magazines/ensign-november-2017/2017-11-19-the-book-of-mormon-what-would-your-life-be-like-without-it-64k-eng.mp3', 'http://media2.ldscdn.org/assets/general-conference/october-2017-general-conference/2017-09-2070-russell-m-nelson-360p-eng.mp4');
insert into talk values('5053', '1010', 'The Priesthood and the Savior’s Atoning Power', 'Dale G. Renlund', '2017-09-30', 'http://media2.ldscdn.org/assets/magazines/ensign-november-2017/2017-11-20-the-priesthood-and-the-saviors-atoning-power-64k-eng.mp3', 'http://media2.ldscdn.org/assets/general-conference/october-2017-general-conference/2017-09-3010-dale-g-renlund-360p-eng.mp4');
insert into talk values('5054', '1010', 'The Truth of All Things', 'David F. Evans', '2017-09-30', 'http://media2.ldscdn.org/assets/magazines/ensign-november-2017/2017-11-21-the-truth-of-all-things-64k-eng.mp3', 'http://media2.ldscdn.org/assets/general-conference/october-2017-general-conference/2017-09-3020-david-f-evans-360p-eng.mp4');
insert into talk values('5055', '1010', 'Earning the Trust of the Lord and Your Family', 'Richard J. Maynes', '2017-09-30', 'http://media2.ldscdn.org/assets/magazines/ensign-november-2017/2017-11-22-earning-the-trust-of-the-lord-and-your-family-64k-eng.mp3', 'http://media2.ldscdn.org/assets/general-conference/october-2017-general-conference/2017-09-3030-richard-j-maynes-360p-eng.mp4');
insert into talk values('5056', '1010', 'Bearers of Heavenly Light', 'Dieter F. Uchtdorf', '2017-09-30', 'http://media2.ldscdn.org/assets/magazines/ensign-november-2017/2017-11-23-bearers-of-heavenly-light-64k-eng.mp3', 'http://media2.ldscdn.org/assets/general-conference/october-2017-general-conference/2017-09-3040-dieter-f-uchtdorf-360p-eng.mp4');
insert into talk values('5057', '1010', 'The Lord Leads His Church', 'Henry B. Eyring', '2017-09-30', 'http://media2.ldscdn.org/assets/magazines/ensign-november-2017/2017-11-24-the-lord-leads-his-church-64k-eng.mp3', 'http://media2.ldscdn.org/assets/general-conference/october-2017-general-conference/2017-09-3050-henry-b-eyring-360p-eng.mp4');
insert into talk values('5058', '1011', 'That Your Joy Might Be Full', 'Jean B. Bingham', '2017-10-01', 'http://media2.ldscdn.org/assets/magazines/ensign-november-2017/2017-11-25-that-your-joy-might-be-full-64k-eng.mp3', 'http://media2.ldscdn.org/assets/general-conference/october-2017-general-conference/2017-10-4010-jean-b-bingham-360p-eng.mp4');
insert into talk values('5059', '1011', 'Has the Day of Miracles Ceased?', 'Donald L. Hallstrom', '2017-10-01', 'http://media2.ldscdn.org/assets/magazines/ensign-november-2017/2017-11-26-has-the-day-of-miracles-ceased-64k-eng.mp3', 'http://media2.ldscdn.org/assets/general-conference/october-2017-general-conference/2017-10-4020-donald-l-hallstrom-360p-eng.mp4');
insert into talk values('5060', '1011', 'Exceeding Great and Precious Promises', 'David A. Bednar', '2017-10-01', 'http://media2.ldscdn.org/assets/magazines/ensign-november-2017/2017-11-27-exceeding-great-and-precious-promises-64k-eng.mp3', 'http://media2.ldscdn.org/assets/general-conference/october-2017-general-conference/2017-10-4030-david-a-bednar-360p-eng.mp4');
insert into talk values('5061', '1011', 'Turn to the Lord', 'W. Christopher Waddell', '2017-10-01', 'http://media2.ldscdn.org/assets/magazines/ensign-november-2017/2017-11-28-turn-to-the-lord-64k-eng.mp3', 'http://media2.ldscdn.org/assets/general-conference/october-2017-general-conference/2017-10-4040-w-christopher-waddell-360p-eng.mp4');
insert into talk values('5062', '1011', 'Lord, Wilt Thou Cause That My Eyes May Be Opened', 'W. Craig Zwick', '2017-10-01', 'http://media2.ldscdn.org/assets/magazines/ensign-november-2017/2017-11-29-lord-wilt-thou-cause-that-my-eyes-may-be-opened-64k-eng.mp3', 'http://media2.ldscdn.org/assets/general-conference/october-2017-general-conference/2017-10-4050-w-craig-zwick-360p-eng.mp4');
insert into talk values('5063', '1011', 'Fear Not to Do Good', 'Henry B. Eyring', '2017-10-01', 'http://media2.ldscdn.org/assets/magazines/ensign-november-2017/2017-11-30-fear-not-to-do-good-64k-eng.mp3', 'http://media2.ldscdn.org/assets/general-conference/october-2017-general-conference/2017-10-4060-henry-b-eyring-360p-eng.mp4');
insert into talk values('5064', '1012', 'The Trek Continues!', 'M. Russell Ballard', '2017-10-01', 'http://media2.ldscdn.org/assets/magazines/ensign-november-2017/2017-11-31-the-trek-continues-64k-eng.mp3', 'http://media2.ldscdn.org/assets/general-conference/october-2017-general-conference/2017-10-5010-m-russell-ballard-360p-eng.mp4');
insert into talk values('5065', '1012', 'God’s Compelling Witness: The Book of Mormon', 'Tad R. Callister', '2017-10-01', 'http://media2.ldscdn.org/assets/magazines/ensign-november-2017/2017-11-32-gods-compelling-witness-the-book-of-mormon-64k-eng.mp3', 'http://media2.ldscdn.org/assets/general-conference/october-2017-general-conference/2017-10-5020-tad-r-callister-360p-eng.mp4');
insert into talk values('5066', '1012', 'Apart, but Still One', 'Joni L. Koch', '2017-10-01', 'http://media2.ldscdn.org/assets/magazines/ensign-november-2017/2017-11-33-apart-but-still-one-64k-eng.mp3', 'http://media2.ldscdn.org/assets/general-conference/october-2017-general-conference/2017-10-5030-joni-l-koch-360p-eng.mp4');
insert into talk values('5067', '1012', 'Do We Trust Him? Hard Is Good', 'Stanley G. Ellis', '2017-10-01', 'http://media2.ldscdn.org/assets/magazines/ensign-november-2017/2017-11-34-do-we-trust-him-hard-is-good-64k-eng.mp3', 'http://media2.ldscdn.org/assets/general-conference/october-2017-general-conference/2017-10-5040-stanley-g-ellis-360p-eng.mp4');
insert into talk values('5068', '1012', 'Essential Truths—Our Need to Act', 'Adilson de Paula Parrella', '2017-10-01', 'http://media2.ldscdn.org/assets/magazines/ensign-november-2017/2017-11-35-essential-truths-our-need-to-act-64k-eng.mp3', 'http://media2.ldscdn.org/assets/general-conference/october-2017-general-conference/2017-10-5050-adilson-de-paula-parrella-360p-eng.mp4');
insert into talk values('5069', '1012', 'Seek Ye Out of the Best Books', 'Ian S. Ardern', '2017-10-01', 'http://media2.ldscdn.org/assets/magazines/ensign-november-2017/2017-11-36-seek-ye-out-of-the-best-books-64k-eng.mp3', 'http://media2.ldscdn.org/assets/general-conference/october-2017-general-conference/2017-10-5060-ian-s-ardern-360p-eng.mp4');
insert into talk values('5070', '1012', 'Love One Another as He Has Loved Us', 'Jose L. Alonso', '2017-10-01', 'http://media2.ldscdn.org/assets/magazines/ensign-november-2017/2017-11-37-love-one-another-as-he-has-loved-us-64k-eng.mp3', 'http://media2.ldscdn.org/assets/general-conference/october-2017-general-conference/2017-10-5070-jose-l-alonso-360p-eng.mp4');
insert into talk values('5071', '1012', 'The Voice of the Lord', 'Neil L. Andersen', '2017-10-01', 'http://media2.ldscdn.org/assets/magazines/ensign-november-2017/2017-11-38-the-voice-of-the-lord-64k-eng.mp3', 'http://media2.ldscdn.org/assets/general-conference/october-2017-general-conference/2017-10-5080-neil-l-andersen-360p-eng.mp4');